Workbook

Sheet Data
A1: Date | B1: Invoice No | C1: Product Name | D1: Category | E1: Salesperson | F1: Region | G1: Quantity | H1: Unit Price | I1: Total Amount
A2: 46023 | B2: INV001 | C2: Laptop | D2: Electronics | E2: Aisha | F2: North | G2: 5 | H2: 50000 | I2: =G2*H2 -> 250000
A3: 46024 | B3: INV002 | C3: Mobile | D3: Electronics | E3: Rahim | F3: South | G3: 10 | H3: 20000 | I3: =G3*H3 -> 200000
A4: 46025 | B4: INV003 | C4: Tablet | D4: Electronics | E4: Aisha | F4: East | G4: 7 | H4: 30000 | I4: =G4*H4 -> 210000
A5: 46026 | B5: INV004 | C5: Printer | D5: Accessories | E5: Imran | F5: West | G5: 4 | H5: 15000 | I5: =G5*H5 -> 60000
A6: 46027 | B6: INV005 | C6: Laptop | D6: Electronics | E6: Rahim | F6: North | G6: 3 | H6: 50000 | I6: =G6*H6 -> 150000
A7: 46028 | B7: INV006 | C7: Mobile | D7: Electronics | E7: Aisha | F7: South | G7: 8 | H7: 20000 | I7: =G7*H7 -> 160000
A8: 46029 | B8: INV007 | C8: Mouse | D8: Accessories | E8: Imran | F8: East | G8: 20 | H8: 800 | I8: =G8*H8 -> 16000
A9: 46030 | B9: INV008 | C9: Keyboard | D9: Accessories | E9: Rahim | F9: West | G9: 15 | H9: 1500 | I9: =G9*H9 -> 22500
A10: 46031 | B10: INV009 | C10: Laptop | D10: Electronics | E10: Imran | F10: South | G10: 2 | H10: 50000 | I10: =G10*H10 -> 100000
A11: 46032 | B11: INV010 | C11: Tablet | D11: Electronics | E11: Aisha | F11: North | G11: 6 | H11: 30000 | I11: =G11*H11 -> 180000
A12: 46033 | B12: INV011 | C12: Mobile | D12: Electronics | E12: Rahim | F12: East | G12: 5 | H12: 20000 | I12: =G12*H12 -> 100000
A13: 46034 | B13: INV012 | C13: Printer | D13: Accessories | E13: Imran | F13: North | G13: 3 | H13: 15000 | I13: =G13*H13 -> 45000
... A16: 46037 | B16: INV015 | C16: Laptop | D16: Electronics | E16: Aisha | F16: East | G16: 4 | H16: 50000 | I16: =G16*H16 -> 200000

Sheet Product-Wise Summary
A1: Product Name | B1: Total Quantity Sold | C1: Total Sales | D1: Avg Price | E1: % Contribution
A2: Laptop | B2: =SUMIFS(Table1[Quantity],Table1[Product Name],'Product-Wise Summary'!A2) -> 14 | C2: =SUMIFS(Table1[Total Amount],Table1[Product Name],'Product-Wise Summary'!A2) -> 700000 | D2: =AVERAGEIFS(Table1[Unit Price],Table1[Product Name],'Product-Wise Summary'!A2) -> 50000 | E2: =C2/$C$8 -> 0.40497541
A3: Mobile | B3: =SUMIFS(Table1[Quantity],Table1[Product Name],'Product-Wise Summary'!A3) -> 23 | C3: =SUMIFS(Table1[Total Amount],Table1[Product Name],'Product-Wise Summary'!A3) -> 460000 | D3: =AVERAGEIFS(Table1[Unit Price],Table1[Product Name],'Product-Wise Summary'!A3) -> 20000 | E3: =C3/$C$8 -> 0.2661267
A4: Tablet | B4: =SUMIFS(Table1[Quantity],Table1[Product Name],'Product-Wise Summary'!A4) -> 13 | C4: =SUMIFS(Table1[Total Amount],Table1[Product Name],'Product-Wise Summary'!A4) -> 390000 | D4: =AVERAGEIFS(Table1[Unit Price],Table1[Product Name],'Product-Wise Summary'!A4) -> 30000 | E4: =C4/$C$8 -> 0.22562916
A5: Printer | B5: =SUMIFS(Table1[Quantity],Table1[Product Name],'Product-Wise Summary'!A5) -> 7 | C5: =SUMIFS(Table1[Total Amount],Table1[Product Name],'Product-Wise Summary'!A5) -> 105000 | D5: =AVERAGEIFS(Table1[Unit Price],Table1[Product Name],'Product-Wise Summary'!A5) -> 15000 | E5: =C5/$C$8 -> 0.060746312
A6: Mouse | B6: =SUMIFS(Table1[Quantity],Table1[Product Name],'Product-Wise Summary'!A6) -> 45 | C6: =SUMIFS(Table1[Total Amount],Table1[Product Name],'Product-Wise Summary'!A6) -> 36000 | D6: =AVERAGEIFS(Table1[Unit Price],Table1[Product Name],'Product-Wise Summary'!A6) -> 800 | E6: =C6/$C$8 -> 0.020827307
A7: Keyboard | B7: =SUMIFS(Table1[Quantity],Table1[Product Name],'Product-Wise Summary'!A7) -> 25 | C7: =SUMIFS(Table1[Total Amount],Table1[Product Name],'Product-Wise Summary'!A7) -> 37500 | D7: =AVERAGEIFS(Table1[Unit Price],Table1[Product Name],'Product-Wise Summary'!A7) -> 1500 | E7: =C7/$C$8 -> 0.021695111
C8: =SUM(C2:C7) -> 1728500

Sheet Sheet1
A1: PRODUCT PERFORMANCE REPORT
A2: Month: Janurary 2026
A4: Total Sales | B4: =SUM(Table1[Total Amount]) -> 1728500
A5: Total Qty | B5: =SUM(Table1[Quantity]) -> 127
A6: Top Product | B6: =INDEX(Table2[[Product Name ]],MATCH(MAX(Table2[[ Total Sales ]]),Table2[[ Total Sales ]],0)) -> Laptop
A9: Product - Wise Sales
A11: Products | B11: Total Quantity | C11: Total Sales
A12: Laptop | B12: 14 | C12: 0.40497541
A13: Mobile | B13: 23 | C13: 0.2661267
A14: Tablet | B14: 13 | C14: 0.22562916
A15: Printer | B15: 7 | C15: 0.060746312
A16: Keyboard | B16: 25 | C16: 0.021695111
A17: Mouse | B17: 45 | C17: 0.020827307
A18: Grand Total | B18: 127 | C18: 1
